name ,jsoncol,pointscol,linescol,multifigcols,pointscol2,linescols2,multicols2,poligon1,poigon2,poligon3,points3,circle1,circle2,circle3,textline,textmulipol,textpoly,textpoint,textmultiPoint
hola1,"{""def"":""123""}",POINT (25.5059304 -80.4198652),"LINESTRING(32.87841796831344 67.40467331180108,37.58056640581345 67.13298341934686,38.85498046831345 66.49281927220993)","MULTIPOLYGON(((-80.3352566063404 25.6771657117937, -80.333196669817 25.6771910938639, -80.3312011063099 25.6772636140348, -80.3311112523079 25.6754046663902, -80.3320607542992 25.6753623623027, -80.3352029621601 25.6752983017988, -80.3352847695351 25.6768031102004, -80.3352566063404 25.6771657117937)))",POINT (25.5577161 -80.3604996),"LINESTRING(-68.78906250698493 -6.082293594249862,-50.85937500698492 -6.082293594249862,-37.851562506984926 2.694319394361455)","MULTIPOLYGON(((-80.3128682076931 25.645892105474, -80.3127837181091 25.6459948693366, -80.3123250603676 25.6460190490562, -80.3107412159443 25.646077080363, -80.3107063472271 25.6452912373531, -80.3128360211849 25.6452404596268, -80.3128682076931 25.645892105474)))","POLYGON(-115.19531428813936 65.6099259090351,-115.19531428813936 61.21385094565106,-102.53906428813934 61.21385094565106,-102.53906428813934 65.6099259090351,-115.19531428813936 65.6099259090351)","POLYGON(-93.39843750698492 60.70186466336133,-108.16406250698492 63.338986658603886,-109.21875000698493 55.111895740898454,-93.39843750698492 60.70186466336133)","POLYGON(-101.48437500174623 59.74163566778984,-100.16601562674623 63.574640294364045,-86.80664062674623 63.18080344043973,-87.07031250174623 58.79856789335683,-101.48437500174623 59.74163566778984)",POINT (25.7547341 -80.2551015),"CIRCLE(-107.72460982203484 61.71764763064187,521960)","CIRCLE(-121.93359095603229 63.83420842969604,272824)","CIRCLE(-124.92187388241294 50.810560629391084,419535)","(32.87841796831344 67.40467331180108,37.58056640581345 67.13298341934686,38.85498046831345 66.49281927220993)","(((-80.3128682076931 25.645892105474, -80.3127837181091 25.6459948693366, -80.3123250603676 25.6460190490562, -80.3107412159443 25.646077080363, -80.3107063472271 25.6452912373531, -80.3128360211849 25.6452404596268, -80.3128682076931 25.645892105474)))","((-101.48437500174623 59.74163566778984,-100.16601562674623 63.574640294364045,-86.80664062674623 63.18080344043973,-87.07031250174623 58.79856789335683,-101.48437500174623 59.74163566778984))",(-98.1445303559303 39.2776238200672),"(-90.45312410593034 42.318673559287284),(-86.58593660593034 42.04232235983689), (-82.71874910593034 42.18062898005877)"
hola2,"{""def"":""456""}",POINT (25.8473828 -80.2066491),"LINESTRING(32.87841796831344 67.24372842787528,37.22900390581344 66.94440619056024,38.41552734331344 66.38742789224102)","MULTIPOLYGON(((-80.3592476248741 25.6872383429815, -80.358504652977 25.687254054364, -80.3580272197724 25.6872818514202, -80.3578045964241 25.6872951456622, -80.3572681546211 25.687301188499, -80.3571970760822 25.6853638393235, -80.3565157949924 25.685372299432, -80.356348156929 25.6853710908451, -80.356081277132 25.6853541706272, -80.3555153310299 25.6853650479105, -80.3556132316589 25.6861482096913, -80.3555434942246 25.6870099234176, -80.3554482758045 25.6873591997164, -80.3547415137291 25.6873845796152, -80.3546798229218 25.6873882053145, -80.3526721894741 25.6874196280379, -80.352021753788 25.6874546764503, -80.3528679907322 25.6865144085723, -80.3541152179241 25.6851136615559, -80.3550633788109 25.6840561410338, -80.3557889163494 25.6832463761167, -80.3567880392074 25.6821368683832, -80.3571219742298 25.6817561525643, -80.3577737510204 25.6810321848415, -80.3580258786678 25.6807469476025, -80.3584416210651 25.680279205398, -80.3586401045322 25.6800592329771, -80.3591094911098 25.6803613927917, -80.358597189188 25.6808375951042, -80.3585006296635 25.6809451633833, -80.358050018549 25.6814515790333, -80.3572131693363 25.6823894696361, -80.3562180697918 25.6835642397179, -80.3561671078205 25.6838434272005, -80.3562019765377 25.6841939213822, -80.356342792511 25.6842301793422, -80.357075035572 25.6842108417649, -80.3577415645122 25.6841310742255, -80.3590853512287 25.6840899818359, -80.3591148555279 25.6842724802815, -80.3591242432594 25.6847800903819, -80.3583692014217 25.6847861333462, -80.3582860529423 25.6848622746709, -80.3583866357803 25.6863355392925, -80.3584630787373 25.6864527712156, -80.3592087328434 25.686432225423, -80.3591550886631 25.6866956947304, -80.3592476248741 25.6872383429815), (-80.3554563224316 25.6843691680864, -80.355444252491 25.684162497808, -80.3554295003414 25.6841165710308, -80.355362445116 25.6841105280325, -80.355169326067 25.6841359086233, -80.355076789856 25.6841987557775, -80.3549990057945 25.6843969658158, -80.3546825051308 25.6847377896228, -80.3545832633972 25.6847921763103, -80.3544880449772 25.6848634832629, -80.3544424474239 25.6849589619971, -80.3544518351555 25.6851487106468, -80.3544920682907 25.6851861769049, -80.3548729419708 25.6851680480718, -80.3551934659481 25.6851523364142, -80.355438888073 25.6851885940825, -80.3555072844028 25.685220017386, -80.3554563224316 25.6843691680864)))",POINT (25.8705481 -80.3052649),"LINESTRING(-157.38281250698495 66.88409676017868,-151.75781250698495 60.70186466336133,-125.74218750698493 70.33846276359672)","MULTIPOLYGON(((-80.3861193358898 25.5625130299448, -80.3824849426746 25.5662598165228, -80.3819109499454 25.5662610263155, -80.3815796971321 25.5662610263155, -80.382557362318 25.5653331117337, -80.3836517035961 25.5642031512842, -80.3845301270485 25.5633586985064, -80.3852918744087 25.5625384363834, -80.3859423100948 25.5625021414694, -80.3861193358898 25.5625130299448)))","POLYGON(-93.39843750698492 60.70186466336133,-108.16406250698492 63.338986658603886,-109.21875000698493 55.111895740898454,-93.39843750698492 60.70186466336133)","POLYGON(-113.96484375174626 59.69731822564522,-103.59375000174626 59.250905084335656,-110.36132812674626 64.38427473613497,-120.38085937674623 62.57985238197948,-113.96484375174626 59.69731822564522)","POLYGON(-93.48632812674623 61.08662740584492,-76.52343750174624 60.13785815544137,-77.05078125174623 54.96079684190573,-94.80468750174626 56.44630107709958,-93.48632812674623 61.08662740584492)",POINT (25.7437031 -80.2278572),"CIRCLE(-106.93359419703484 61.80082333511975,517713)","CIRCLE(-129.66797031462195 62.88854094418001,393541)","CIRCLE(-97.85156138241291 54.53808131213525,367474)","(32.87841796831344 67.24372842787528,37.22900390581344 66.94440619056024,38.41552734331344 66.38742789224102)","(((-80.3861193358898 25.5625130299448, -80.3824849426746 25.5662598165228, -80.3819109499454 25.5662610263155, -80.3815796971321 25.5662610263155, -80.382557362318 25.5653331117337, -80.3836517035961 25.5642031512842, -80.3845301270485 25.5633586985064, -80.3852918744087 25.5625384363834, -80.3859423100948 25.5625021414694, -80.3861193358898 25.5625130299448)))","((-93.48632812674623 61.08662740584492,-76.52343750174624 60.13785815544137,-77.05078125174623 54.96079684190573,-94.80468750174626 56.44630107709958,-93.48632812674623 61.08662740584492))",(-94.6445303559303 42.7776238200672),"(-86.45312410593034 46.318673559287284),(-82.58593660593034 46.04232235983689), (-78.71874910593034 46.18062898005877)"
hola3,"{""def"":""789""}",POINT (25.953046 -80.1790233),"LINESTRING(-94.93652343793657 46.900241375013955,-100.67138671918657 47.244435002692754,-104.73632812543657 41.55244075978598)","MULTIPOLYGON(((-80.2101396024227 25.8230412500221, -80.2100390195846 25.8230231422197, -80.2095025777817 25.8230509075156, -80.2080769836903 25.8230955734128, -80.2080555260181 25.8221612076208, -80.2101047337055 25.8220875686597, -80.2101396024227 25.8230412500221)))",POINT (25.729682 -80.395782),"LINESTRING(-111.85546875174623 45.74708263550446,-110.80078125174626 40.55833031266869,-100.60546875174623 35.43680379034424,-95.24414062674623 32.81805616572918)","MULTIPOLYGON(((-80.3403460979462 25.8984120760899, -80.3400215506554 25.8984169017587, -80.3397962450981 25.898430172347, -80.3394341468811 25.8984422365167, -80.3383585810661 25.8984434429337, -80.3348422050476 25.8984530942685, -80.3342963755131 25.8984543006853, -80.333564132452 25.8984953188492, -80.3330652415752 25.8985435754944, -80.332581102848 25.8985918321198, -80.3321331739426 25.8986678362648, -80.3317683935166 25.8987559044986, -80.3292873501778 25.8987559044986, -80.3296682238579 25.8986111347644, -80.3299981355667 25.8984989380983, -80.3303803503513 25.898385534908, -80.330765247345 25.8982902278871, -80.3311662375927 25.8981961272088, -80.3314679861069 25.8981454575816, -80.3318126499653 25.8980984071941, -80.33212646842 25.8980754852037, -80.3328640758991 25.8980537696296, -80.3347510099411 25.8980682466794, -80.3381963074207 25.8980404989991, -80.3383733332157 25.8980513567878, -80.3400121629238 25.8980513567878, -80.3403340280056 25.8980610081548, -80.3403407335281 25.8983215947632, -80.3403420746326 25.898343310288, -80.3403460979462 25.8984120760899)))","POLYGON(-113.96484375174626 59.69731822564522,-103.59375000174626 59.250905084335656,-110.36132812674626 64.38427473613497,-120.38085937674623 62.57985238197948,-113.96484375174626 59.69731822564522)","POLYGON(-110.97656294703486 62.620299672350235,-110.97656294703486 59.96234385202443,-105.00000044703486 59.96234385202443,-105.00000044703486 62.620299672350235,-110.97656294703486 62.620299672350235)","POLYGON(-97.17773437674623 60.57257644130316,-88.56445312674623 59.78589442847254,-90.32226562674623 51.98036921937566,-99.72656250174626 52.89123003341602,-97.17773437674623 60.57257644130316)",POINT (25.7676184 -80.3999002),"CIRCLE(-110.50781004130842 52.76732201809605,557231)","CIRCLE(-110.50781004130842 52.76732201809605,557231)","CIRCLE(-94.33593671768905 60.384909509540414,207465)","(-102.38525390668657 41.437235802266066,-97.35351562543657 42.64473460377959,-101.52832031293657 44.81951324283539,-103.26416015668657 42.77389934968729,-101.87988281293659 41.68385259904456)","(((-80.3403460979462 25.8984120760899, -80.3400215506554 25.8984169017587, -80.3397962450981 25.898430172347, -80.3394341468811 25.8984422365167, -80.3383585810661 25.8984434429337, -80.3348422050476 25.8984530942685, -80.3342963755131 25.8984543006853, -80.333564132452 25.8984953188492, -80.3330652415752 25.8985435754944, -80.332581102848 25.8985918321198, -80.3321331739426 25.8986678362648, -80.3317683935166 25.8987559044986, -80.3292873501778 25.8987559044986, -80.3296682238579 25.8986111347644, -80.3299981355667 25.8984989380983, -80.3303803503513 25.898385534908, -80.330765247345 25.8982902278871, -80.3311662375927 25.8981961272088, -80.3314679861069 25.8981454575816, -80.3318126499653 25.8980984071941, -80.33212646842 25.8980754852037, -80.3328640758991 25.8980537696296, -80.3347510099411 25.8980682466794, -80.3381963074207 25.8980404989991, -80.3383733332157 25.8980513567878, -80.3400121629238 25.8980513567878, -80.3403340280056 25.8980610081548, -80.3403407335281 25.8983215947632, -80.3403420746326 25.898343310288, -80.3403460979462 25.8984120760899)))","((-97.17773437674623 60.57257644130316,-88.56445312674623 59.78589442847254,-90.32226562674623 51.98036921937566,-99.72656250174626 52.89123003341602,-97.17773437674623 60.57257644130316))",(-91.1445303559303 46.2776238200672),"(-82.45312410593034 50.318673559287284),(-78.58593660593034 50.04232235983689), (-74.71874910593034 50.18062898005877)"
hola4,"{""def"":""101""}",POINT (25.6640532 -80.4334691),"LINESTRING(-109.13085937674626 30.27171915705816,-102.45117187674623 27.267651084784614,-98.14453125174623 20.934079168382347)","MULTIPOLYGON(((-80.2562883496284 25.7215712251825, -80.2544698119164 25.7216485511996, -80.2544429898262 25.7209465741072, -80.2562776207924 25.7208559571411, -80.2562883496284 25.7215712251825)))",POINT (25.6102886 -80.3875816),"LINESTRING(-110.97656250174626 49.248683996759524,-98.84765625174623 41.09039230209332,-88.30078125174623 34.28294042199561))","MULTIPOLYGON(((-80.1261918246746 25.8869372840531, -80.1254086196422 25.8869807192876, -80.1252289116383 25.885164871547, -80.1260496675968 25.8851383273862, -80.1261918246746 25.8869372840531)))","POLYGON(-110.97656294703486 62.620299672350235,-110.97656294703486 59.96234385202443,-105.00000044703486 59.96234385202443,-105.00000044703486 62.620299672350235,-110.97656294703486 62.620299672350235)","POLYGON(-121.61132823675872 63.22043064860831,-121.61132823675872 58.247873290806155,-105.17578136175872 58.247873290806155,-105.17578136175872 63.22043064860831,-121.61132823675872 63.22043064860831)","POLYGON(-100.69335848093036 58.38635745181729,-100.69335848093036 50.6622292292415,-83.81835848093034 50.6622292292415,-83.81835848093034 58.38635745181729,-100.69335848093036 58.38635745181729)",POINT (25.8711965 -80.2757843),"CIRCLE(-99.28710848093034 56.20262954834748,549030)","CIRCLE(-121.05468705296518 61.072459315832866,345438)","CIRCLE(-104.35546830296518 61.578520771021246,643411)","(-109.13085937674626 30.27171915705816,-102.45117187674623 27.267651084784614,-98.14453125174623 20.934079168382347)","(((-80.1261918246746 25.8869372840531, -80.1254086196422 25.8869807192876, -80.1252289116383 25.885164871547, -80.1260496675968 25.8851383273862, -80.1261918246746 25.8869372840531)))","((-100.69335848093036 58.38635745181729,-100.69335848093036 50.6622292292415,-83.81835848093034 50.6622292292415,-83.81835848093034 58.38635745181729,-100.69335848093036 58.38635745181729))",(-87.6445303559303 49.7776238200672),"(-78.45312410593034 54.318673559287284),(-74.58593660593034 54.04232235983689), (-70.71874910593034 54.18062898005877)"
hola5,"{""def"":""112""}",POINT (25.9443542 -80.2760055),"LINESTRING(-127.14843750698493 61.04410508120828,-112.38281250698492 57.452831293413155,-80.74218750698493 50.43884876179072)","MULTIPOLYGON(((-80.3636102378368 25.763649682942, -80.3625923395157 25.7636448517754, -80.3625118732452 25.7627486669655, -80.3628551959991 25.7627510825671, -80.3630496561527 25.7627390045587, -80.3632575273514 25.7627269265491, -80.3635083138943 25.762722095345, -80.3636102378368 25.763649682942)))",POINT (25.5814393 -80.3148157),"LINESTRING(-73.00781250698493 72.46645249837728,-74.76562500698493 59.29581231906745,-70.89843750698493 37.9037550668291)","MULTIPOLYGON(((-80.2731929719448 25.7073073399448, -80.2731500566006 25.707308548309, -80.2729757130146 25.7072674639171, -80.2728080749512 25.7072602137289, -80.2718277275562 25.7073109650375, -80.271417349577 25.7073472159591, -80.2713221311569 25.7073653414157, -80.2710284292698 25.707399175594, -80.2707360684872 25.7074463017549, -80.2707293629646 25.7074740940974, -80.270709246397 25.7074801359102, -80.2703216671944 25.7075296787631, -80.2703431248665 25.7076432647382, -80.2702975273132 25.7076480981816, -80.2702707052231 25.7075490125537, -80.2702398598194 25.7075610961713, -80.2701030671596 25.7075852634028, -80.2697342634201 25.7076686403136, -80.2693091332912 25.7077955181093, -80.2691508829594 25.7078680196461, -80.2690382301807 25.7079018536815, -80.2689456939697 25.7079441462123, -80.2686841785908 25.7080480649382, -80.2686412632465 25.7080770654967, -80.2685460448265 25.7081060660481, -80.2684682607651 25.7081592337074, -80.2681450545788 25.7083078613561, -80.2678875625134 25.7084492387033, -80.2677480876446 25.708518114786, -80.2675911784172 25.7086099495009, -80.2674865722656 25.7086546584812, -80.26746109128 25.7086764087899, -80.2673725783825 25.7087247427949, -80.2673457562924 25.7087319928939, -80.2673336863518 25.70874890979, -80.2672290802002 25.7088334942344, -80.2669461071491 25.7090111213719, -80.2668790519238 25.7090437467357, -80.2667891979218 25.7091029557064, -80.2667529881 25.7091162475121, -80.2667154371738 25.709148872847, -80.2666591107845 25.7091029557064, -80.2666001021862 25.709054621855, -80.2670373022556 25.7087718684309, -80.2672491967678 25.7086462000268, -80.2673242986202 25.7085785323696, -80.2673994004726 25.7085362400643, -80.2673511207104 25.7084601138769, -80.2673940360546 25.7084444052925, -80.2674382925034 25.708512073026, -80.2674570679665 25.7085060312656, -80.2675603330135 25.7084431969398, -80.2676944434643 25.7083755291672, -80.2677601575851 25.7083320284359, -80.2679425477982 25.7082329433775, -80.2681665122509 25.7080915657733, -80.2682496607304 25.7080541067218, -80.2681893110275 25.7079513963589, -80.2682308852672 25.7079381044231, -80.2682872116566 25.7080432315111, -80.2684722840786 25.7079501880011, -80.2686412632465 25.7079187706956, -80.2686841785908 25.707904270398, -80.2687083184719 25.707865602929, -80.2686882019043 25.7077822261561, -80.2687592804432 25.7077592673243, -80.2687928080559 25.7078221020113, -80.2688343822956 25.7078221020113, -80.2690261602402 25.7077544338855, -80.269268900156 25.707678307198, -80.2694526314736 25.707628764407, -80.2698817849159 25.7074982613466, -80.2699622511864 25.7074656355591, -80.2700856328011 25.7074281763106, -80.2704490721226 25.7073411741396, -80.2705375850201 25.7073290904997, -80.2706891298294 25.7072964646658, -80.270894318819 25.7072662555524, -80.2710498869419 25.7072336297014, -80.2713797986507 25.7071804616286, -80.271964520216 25.7071321269964, -80.2725666761398 25.7071019178413, -80.2726753056049 25.7071007094749, -80.272680670023 25.7070124986973, -80.2727235853672 25.7070137070645, -80.2727289497852 25.7070970843758, -80.272966325283 25.7070922509101, -80.2730695903301 25.7070668752118, -80.2731393277645 25.7070366660401, -80.2731715142727 25.7070378744071, -80.2731822431088 25.7071707947037, -80.2731929719448 25.7073073399448)))","POLYGON(-121.61132823675872 63.22043064860831,-121.61132823675872 58.247873290806155,-105.17578136175872 58.247873290806155,-105.17578136175872 63.22043064860831,-121.61132823675872 63.22043064860831)","POLYGON(-93.48632812674623 61.08662740584492,-76.52343750174624 60.13785815544137,-77.05078125174623 54.96079684190573,-94.80468750174626 56.44630107709958,-93.48632812674623 61.08662740584492)","POLYGON(-106.66992232203486 61.42475779376106,-106.66992232203486 55.16213541138037,-91.55273482203484 55.16213541138037,-91.55273482203484 61.42475779376106,-106.66992232203486 61.42475779376106)",POINT (25.8175494 -80.222984),"CIRCLE(-110.71289107203484 52.9971542496863,720492)","CIRCLE(-116.83593537658453 61.072458504962285,239308)","CIRCLE(-107.72460982203484 61.71764763064187,521960)","(-127.14843750698493 61.04410508120828,-112.38281250698492 57.452831293413155,-80.74218750698493 50.43884876179072)","(((-80.2731929719448 25.7073073399448, -80.2731500566006 25.707308548309, -80.2729757130146 25.7072674639171, -80.2728080749512 25.7072602137289, -80.2718277275562 25.7073109650375, -80.271417349577 25.7073472159591, -80.2713221311569 25.7073653414157, -80.2710284292698 25.707399175594, -80.2707360684872 25.7074463017549, -80.2707293629646 25.7074740940974, -80.270709246397 25.7074801359102, -80.2703216671944 25.7075296787631, -80.2703431248665 25.7076432647382, -80.2702975273132 25.7076480981816, -80.2702707052231 25.7075490125537, -80.2702398598194 25.7075610961713, -80.2701030671596 25.7075852634028, -80.2697342634201 25.7076686403136, -80.2693091332912 25.7077955181093, -80.2691508829594 25.7078680196461, -80.2690382301807 25.7079018536815, -80.2689456939697 25.7079441462123, -80.2686841785908 25.7080480649382, -80.2686412632465 25.7080770654967, -80.2685460448265 25.7081060660481, -80.2684682607651 25.7081592337074, -80.2681450545788 25.7083078613561, -80.2678875625134 25.7084492387033, -80.2677480876446 25.708518114786, -80.2675911784172 25.7086099495009, -80.2674865722656 25.7086546584812, -80.26746109128 25.7086764087899, -80.2673725783825 25.7087247427949, -80.2673457562924 25.7087319928939, -80.2673336863518 25.70874890979, -80.2672290802002 25.7088334942344, -80.2669461071491 25.7090111213719, -80.2668790519238 25.7090437467357, -80.2667891979218 25.7091029557064, -80.2667529881 25.7091162475121, -80.2667154371738 25.709148872847, -80.2666591107845 25.7091029557064, -80.2666001021862 25.709054621855, -80.2670373022556 25.7087718684309, -80.2672491967678 25.7086462000268, -80.2673242986202 25.7085785323696, -80.2673994004726 25.7085362400643, -80.2673511207104 25.7084601138769, -80.2673940360546 25.7084444052925, -80.2674382925034 25.708512073026, -80.2674570679665 25.7085060312656, -80.2675603330135 25.7084431969398, -80.2676944434643 25.7083755291672, -80.2677601575851 25.7083320284359, -80.2679425477982 25.7082329433775, -80.2681665122509 25.7080915657733, -80.2682496607304 25.7080541067218, -80.2681893110275 25.7079513963589, -80.2682308852672 25.7079381044231, -80.2682872116566 25.7080432315111, -80.2684722840786 25.7079501880011, -80.2686412632465 25.7079187706956, -80.2686841785908 25.707904270398, -80.2687083184719 25.707865602929, -80.2686882019043 25.7077822261561, -80.2687592804432 25.7077592673243, -80.2687928080559 25.7078221020113, -80.2688343822956 25.7078221020113, -80.2690261602402 25.7077544338855, -80.269268900156 25.707678307198, -80.2694526314736 25.707628764407, -80.2698817849159 25.7074982613466, -80.2699622511864 25.7074656355591, -80.2700856328011 25.7074281763106, -80.2704490721226 25.7073411741396, -80.2705375850201 25.7073290904997, -80.2706891298294 25.7072964646658, -80.270894318819 25.7072662555524, -80.2710498869419 25.7072336297014, -80.2713797986507 25.7071804616286, -80.271964520216 25.7071321269964, -80.2725666761398 25.7071019178413, -80.2726753056049 25.7071007094749, -80.272680670023 25.7070124986973, -80.2727235853672 25.7070137070645, -80.2727289497852 25.7070970843758, -80.272966325283 25.7070922509101, -80.2730695903301 25.7070668752118, -80.2731393277645 25.7070366660401, -80.2731715142727 25.7070378744071, -80.2731822431088 25.7071707947037, -80.2731929719448 25.7073073399448)))","((-121.61132823675872 63.22043064860831,-121.61132823675872 58.247873290806155,-105.17578136175872 58.247873290806155,-105.17578136175872 63.22043064860831,-121.61132823675872 63.22043064860831))",(-84.1445303559303 53.2776238200672),"(-74.45312410593034 58.318673559287284),(-70.58593660593034 58.04232235983689), (-66.71874910593034 58.18062898005877)"
hola6,"{""def"":""131""}",POINT (25.7530198 -80.3145619),"LINESTRING(-93.04687500698493 26.954717805554864,-100.07812500698492 36.78582538462835,-91.64062500698492 12.096619835806617,-63.867187506984926 5.149304565829361)","MULTIPOLYGON(((-80.4208821058273 25.5071710783193, -80.4208298027516 25.5071940757066, -80.4207493364811 25.5072267561968, -80.4207091033459 25.5070609328769, -80.4207091033459 25.5069774159356, -80.4206997156143 25.5069411042039, -80.4206822812557 25.5066493995608, -80.4206648468971 25.5064859962353, -80.4206621646881 25.5057791229918, -80.420646071434 25.5051981281696, -80.4206500947476 25.5048458986901, -80.420640707016 25.5046800720827, -80.420635342598 25.5040990719435, -80.4206272959709 25.5040542863994, -80.4206192493439 25.5039441380983, -80.4205682873726 25.5037383662763, -80.4205146431923 25.5036645304188, -80.4204623401165 25.5035701172892, -80.4203832149506 25.5034442330008, -80.4203523695469 25.5033825012342, -80.4202973842621 25.503296560879, -80.4202638566494 25.5032324081793, -80.4202544689178 25.50320214746, -80.4202222824097 25.5031646241575, -80.420011729002 25.5028511225592, -80.4199755191803 25.5027869696216, -80.4198628664017 25.5026150879973, -80.419837385416 25.5025630392879, -80.4197703301906 25.5024770983462, -80.419734120369 25.5024081034613, -80.4195758700371 25.5021769097859, -80.4195383191109 25.5021333339648, -80.4195034503937 25.5020570762398, -80.4193519055843 25.5018367758734, -80.4192888736725 25.5017593075166, -80.4191802442074 25.5016007393181, -80.4191480576992 25.5015535319514, -80.4190957546234 25.50144943359, -80.4190219938755 25.501335651557, -80.4189428687096 25.5011710305524, -80.4189321398735 25.5011274543663, -80.4189133644104 25.5010911408659, -80.4189039766788 25.5010524064533, -80.4188852012158 25.5008151579038, -80.4188798367977 25.5005512788645, -80.4188624024391 25.5001433546219, -80.4188624024391 25.4999545227527, -80.4188771545887 25.4998552648562, -80.4187792539596 25.4998540543936, -80.4183246195316 25.4998092672667, -80.4180644452572 25.4997983730981, -80.4179933667183 25.4997959521717, -80.417577624321 25.4997777952215, -80.4175789654255 25.4997281662106, -80.4180000722408 25.4997511650231, -80.4181019961834 25.4997560068778, -80.4183313250542 25.4997681115137, -80.4184935986996 25.4997850580019, -80.4187738895416 25.4997971626349, -80.4187980294228 25.4998068463404, -80.4188811779022 25.4998092672667, -80.4188825190067 25.4995744371928, -80.4189522564411 25.4995744371928, -80.4190139472484 25.4995744371928, -80.4190099239349 25.4998540543936, -80.4189911484718 25.4999617855224, -80.419015288353 25.5008066847326, -80.4190380871296 25.501056037805, -80.4190555214882 25.5010911408659, -80.4190662503242 25.5011347170651, -80.4191373288631 25.5012787605, -80.4191815853119 25.5013477560337, -80.4192124307156 25.5013961739284, -80.4192633926868 25.5014978514438, -80.4194149374962 25.5017133106562, -80.419461876154 25.501772622394, -80.4196067154408 25.5019796080251, -80.419649630785 25.5020703910841, -80.4196844995022 25.5021091251684, -80.4197663068771 25.5022289586626, -80.4198494553566 25.5023536337872, -80.4198803007603 25.5024141556457, -80.4199513792992 25.5025049383763, -80.4199782013893 25.5025618288525, -80.4200895130634 25.502730079252, -80.4201243817806 25.502793021787, -80.4203282296658 25.5030968400975, -80.4203724861145 25.5031464677166, -80.4203899204731 25.5031973057442, -80.4204355180264 25.5032735627453, -80.4204703867436 25.5033292424298, -80.4204972088337 25.5033873429426, -80.4205776751041 25.5035120168648, -80.4206272959709 25.5036040091904, -80.4206702113152 25.5036596887217, -80.4206903278828 25.5036960014456, -80.4207171499729 25.5037819415151, -80.4207493364811 25.5039296130401, -80.4207560420036 25.504040971775, -80.4207654297352 25.504086967744, -80.4207721352577 25.5046764408405, -80.4207801818848 25.504842267453, -80.4207761585712 25.5051944969431, -80.4207882285118 25.5054874155262, -80.4207962751389 25.5063431694427, -80.420831143856 25.5066990257119, -80.4208298027516 25.5067571245945, -80.4208445549011 25.506826116981, -80.4208526015282 25.5070137276563, -80.4208821058273 25.5071710783193)))",POINT (25.6415587 -80.2961553),"LINESTRING(-48.39843750698492 79.72905826027964,-25.546875006984926 78.81335328759877,-42.773437506984926 75.29029830846785)","MULTIPOLYGON(((-80.4036971926689 25.7594005959444, -80.4036985337734 25.7599163403088, -80.4030132293701 25.7599477438746, -80.4030145704746 25.7595612378719, -80.4029434919357 25.7594960148598, -80.4018343985081 25.7591964716778, -80.4018384218216 25.759980355261, -80.4012443125248 25.760003304009, -80.4012228548527 25.7588776022989, -80.4012443125248 25.758749571171, -80.4013167321682 25.7585949673608, -80.4015366733074 25.7583171631335, -80.4017190635204 25.7584729751497, -80.4018786549568 25.7585696026539, -80.4020784795284 25.7586348261748, -80.4025223851204 25.7587544025368, -80.4034973680973 25.7590636095407, -80.40372133255 25.7591348719782, -80.4036971926689 25.7594005959444)))","POLYGON(-111.41601607203486 62.00778096797674,-111.41601607203486 56.832947862980745,-96.56250044703484 56.832947862980745,-96.56250044703484 62.00778096797674,-111.41601607203486 62.00778096797674)","POLYGON(-112.91015625174623 60.57257644130316,-113.61328125174623 54.70769758118651,-91.90429687674626 57.922627926585974,-100.42968750174626 61.00152531900696,-112.91015625174623 60.57257644130316)","POLYGON(-104.03320357203484 56.543333888746915,-104.03320357203484 47.85248767168703,-88.82812544703486 47.85248767168703,-88.82812544703486 56.543333888746915,-104.03320357203484 56.543333888746915)",POINT (25.510093 -80.4212597),"CIRCLE(-97.88085848093034 48.32216859226912,767723)","CIRCLE(-121.93359296768905 59.593681914665474,234624)","CIRCLE(-106.93359419703484 61.80082333511975,517713)","(-93.04687500698493 26.954717805554864,-100.07812500698492 36.78582538462835,-91.64062500698492 12.096619835806617,-63.867187506984926 5.149304565829361)","(((-80.4036971926689 25.7594005959444, -80.4036985337734 25.7599163403088, -80.4030132293701 25.7599477438746, -80.4030145704746 25.7595612378719, -80.4029434919357 25.7594960148598, -80.4018343985081 25.7591964716778, -80.4018384218216 25.759980355261, -80.4012443125248 25.760003304009, -80.4012228548527 25.7588776022989, -80.4012443125248 25.758749571171, -80.4013167321682 25.7585949673608, -80.4015366733074 25.7583171631335, -80.4017190635204 25.7584729751497, -80.4018786549568 25.7585696026539, -80.4020784795284 25.7586348261748, -80.4025223851204 25.7587544025368, -80.4034973680973 25.7590636095407, -80.40372133255 25.7591348719782, -80.4036971926689 25.7594005959444)))","((-80.4036971926689 25.7594005959444, -80.4036985337734 25.7599163403088, -80.4030132293701 25.7599477438746, -80.4030145704746 25.7595612378719, -80.4029434919357 25.7594960148598, -80.4018343985081 25.7591964716778, -80.4018384218216 25.759980355261, -80.4012443125248 25.760003304009, -80.4012228548527 25.7588776022989, -80.4012443125248 25.758749571171, -80.4013167321682 25.7585949673608, -80.4015366733074 25.7583171631335, -80.4017190635204 25.7584729751497, -80.4018786549568 25.7585696026539, -80.4020784795284 25.7586348261748, -80.4025223851204 25.7587544025368, -80.4034973680973 25.7590636095407, -80.40372133255 25.7591348719782, -80.4036971926689 25.7594005959444))",(-80.6445303559303 56.7776238200672),"(-70.45312410593034 62.318673559287284),(-66.58593660593034 62.04232235983689), (-62.71874910593034 62.18062898005877)"
hola7,"{""def"":""415""}",POINT (25.6424622 -80.4015312),"LINESTRING(-95.24414062543657 45.578163528219626,-98.64990234418657 44.14542574241098,-102.80273437543657 40.240400882043225)","MULTIPOLYGON(((-80.2692112326622 25.7358660179951, -80.2683582901955 25.7363613273683, -80.2683435380459 25.7359976980055, -80.2683261036873 25.7353211753005, -80.268283188343 25.7345214238508, -80.2690999209881 25.734502094444, -80.269179046154 25.7348874738981, -80.2692112326622 25.7358660179951)))",POINT (25.8912215 -80.1643399),"LINESTRING(-99.74853515668657 46.43280926171113,-95.77148437543657 46.34187156078628,-95.77148437543657 43.07958803026152,-97.00195312543657 40.05565073169851)","MULTIPOLYGON(((-80.2692112326622 25.7358660179951, -80.2683582901955 25.7363613273683, -80.2683435380459 25.7359976980055, -80.2683261036873 25.7353211753005, -80.268283188343 25.7345214238508, -80.2690999209881 25.734502094444, -80.269179046154 25.7348874738981, -80.2692112326622 25.7358660179951)))","POLYGON(-112.91015625174623 60.57257644130316,-113.61328125174623 54.70769758118651,-91.90429687674626 57.922627926585974,-100.42968750174626 61.00152531900696,-112.91015625174623 60.57257644130316)","POLYGON(-102.45117098093034 60.355941256592665,-102.45117098093034 55.9574005205876,-88.47656160593036 55.9574005205876,-88.47656160593036 60.355941256592665,-102.45117098093034 60.355941256592665)","POLYGON(-113.26171919703486 57.215642282999774,-113.26171919703486 51.76330651803005,-93.48632857203484 51.76330651803005,-93.48632857203484 57.215642282999774,-113.26171919703486 57.215642282999774)",POINT (25.5390313 -80.5334817),"CIRCLE(-127.38280937075618 56.52717766336061,985386)","CIRCLE(-112.96875089406969 55.94099738893393,264628)","CIRCLE(-97.00195156037809 57.50008425599629,536416)","(-95.24414062543657 45.578163528219626,-98.64990234418657 44.14542574241098,-102.80273437543657 40.240400882043225)","(((-97.17773437674623 60.57257644130316,-88.56445312674623 59.78589442847254,-90.32226562674623 51.98036921937566,-99.72656250174626 52.89123003341602,-97.17773437674623 60.57257644130316)))","((-112.91015625174623 60.57257644130316,-113.61328125174623 54.70769758118651,-91.90429687674626 57.922627926585974,-100.42968750174626 61.00152531900696,-112.91015625174623 60.57257644130316))",(-77.1445303559303 60.2776238200672),"(-66.45312410593034 66.31867355928728),(-62.58593660593034 66.04232235983689), (-58.71874910593034 66.18062898005877)"
hola8,"{""def"":""123""}",POINT (25.7548183 -80.2725167),"LINESTRING(-111.85546875174623 45.74708263550446,-110.80078125174626 40.55833031266869,-100.60546875174623 35.43680379034424,-95.24414062674623 32.81805616572918)","MULTIPOLYGON(((-80.272062420845 25.7877004159895, -80.2719604969025 25.7878791327864, -80.2718290686607 25.7880481889679, -80.271686911583 25.788144792392, -80.2715313434601 25.7882075845755, -80.2712711691856 25.7881906789909, -80.2710780501366 25.7881822261977, -80.2708621323109 25.788236565572, -80.2707575261593 25.7882957350846, -80.2706810832024 25.7884007910853, -80.2706488966942 25.7884708283673, -80.2706569433212 25.788595204818, -80.2707870304584 25.7887920333035, -80.2710472047329 25.7888946737951, -80.271253734827 25.7888946737951, -80.2713717520237 25.7888970888644, -80.2714133262634 25.788993691597, -80.2713891863823 25.7891579160617, -80.271248370409 25.7894899868947, -80.2712188661098 25.7895491557819, -80.2711893618107 25.7896071171121, -80.2711142599583 25.7897544353656, -80.2697959542274 25.7923530026664, -80.2697503566742 25.792513599985, -80.2697543799877 25.7928927536937, -80.2698455750942 25.7933286582109, -80.2693735063076 25.7933648828908, -80.2665022015572 25.7934264648214, -80.2663359045982 25.7933721278255, -80.2667100727558 25.7928360014642, -80.267194211483 25.7921730851112, -80.2678111195564 25.7913507738835, -80.2684682607651 25.7905296644708, -80.2686412632465 25.7903159335881, -80.2688451111317 25.7900852970056, -80.268993973732 25.7899126211554, -80.2695022523403 25.7893559511431, -80.2700614929199 25.7887280338931, -80.2701486647129 25.788789618232, -80.2703511714935 25.7889659183195, -80.2704893052578 25.789061313463, -80.2707213163376 25.7892641788294, -80.2708151936531 25.7893330080714, -80.2708688378334 25.7893825167996, -80.2710793912411 25.7895334579167, -80.2711316943169 25.7895793439782, -80.2711544930935 25.7895334579167, -80.2711826562881 25.7894597986756, -80.2711679041386 25.7894477233858, -80.271163880825 25.7894296104488, -80.2711182832718 25.7893970071552, -80.2710981667042 25.7893921770369, -80.2708822488785 25.7891627461896, -80.2708648145199 25.7891530859336, -80.2707548439503 25.7890661435948, -80.2705818414688 25.7888922587258, -80.2704839408398 25.7888185990863, -80.2703243494034 25.7886761098178, -80.2702613174915 25.7886048651194, -80.2702130377293 25.7885577711427, -80.2701808512211 25.7885263751478, -80.270172804594 25.7885094696087, -80.2701741456986 25.7884889414508, -80.2701835334301 25.7884635831332, -80.2703431248665 25.7882643390204, -80.2704021334648 25.7882172449084, -80.2705080807209 25.7881061510318, -80.270614027977 25.7879866042439, -80.2706609666348 25.7879201893097, -80.2707441151142 25.7878308309759, -80.2707977592945 25.7877644159545, -80.2711571753025 25.7874021515463, -80.2712859213352 25.7872487926135, -80.2713422477245 25.7871654715353, -80.2714213728905 25.7870918108233, -80.2714602649212 25.7870145274041, -80.2714669704437 25.7869903763252, -80.271607786417 25.7870121122964, -80.2717740833759 25.787038678478, -80.272244811058 25.7871401129347, -80.272062420845 25.7877004159895)))",POINT (25.8219938 -80.1968194),"LINESTRING(-100.82519531293657 46.09863025641005,-102.97851562543657 44.94406546221436,-99.94628906293657 41.70026024937099)","MULTIPOLYGON(((-80.4186035692692 25.5113323233284, -80.4179531335831 25.5113274819404, -80.4179531335831 25.5105891679854, -80.4185029864311 25.5105806955039, -80.4186049103737 25.5105685919577, -80.4186035692692 25.5113323233284)))","POLYGON(-102.45117098093034 60.355941256592665,-102.45117098093034 55.9574005205876,-88.47656160593036 55.9574005205876,-88.47656160593036 60.355941256592665,-102.45117098093034 60.355941256592665)","POLYGON(-116.7773435264826 59.070683397922394,-116.7773435264826 54.401879390883195,-98.1445310264826 54.401879390883195,-98.1445310264826 59.070683397922394,-116.7773435264826 59.070683397922394)","POLYGON(-111.41601607203486 62.00778096797674,-111.41601607203486 56.832947862980745,-96.56250044703484 56.832947862980745,-96.56250044703484 62.00778096797674,-111.41601607203486 62.00778096797674)",POINT (25.7214738 -80.2431306),"CIRCLE(-125.97656071186067 53.81795041650768,963575)","CIRCLE(-120.7031235471368 57.6728268008139,254631)","CIRCLE(-99.28710848093034 56.20262954834748,549030)","(-111.85546875174623 45.74708263550446,-110.80078125174626 40.55833031266869,-100.60546875174623 35.43680379034424,-95.24414062674623 32.81805616572918)","(((-80.4186035692692 25.5113323233284, -80.4179531335831 25.5113274819404, -80.4179531335831 25.5105891679854, -80.4185029864311 25.5105806955039, -80.4186049103737 25.5105685919577, -80.4186035692692 25.5113323233284)))","((-111.41601607203486 62.00778096797674,-111.41601607203486 56.832947862980745,-96.56250044703484 56.832947862980745,-96.56250044703484 62.00778096797674,-111.41601607203486 62.00778096797674))",(-73.6445303559303 63.7776238200672),"(-62.45312410593034 70.31867355928728),(-58.58593660593034 70.04232235983689), (-54.71874910593034 70.18062898005877)"
hola9,"{""def"":""456""}",POINT (25.7310478 -80.344702),"LINESTRING(-110.97656250174626 49.248683996759524,-98.84765625174623 41.09039230209332,-88.30078125174623 34.28294042199561)","MULTIPOLYGON(((-80.1247031986714 25.8797666317029, -80.1238462328911 25.8797871440335, -80.1236759126186 25.8779711856724, -80.1244953274727 25.8779361935096, -80.1247031986714 25.8797666317029)))",POINT (25.8841516 -80.1793782),"LINESTRING(-95.77148437543657 41.51954596690396,-95.77148437543657 44.67906969327001,-98.16650390668659 44.2242081700852,-98.80371093793659 46.46308816403493)","MULTIPOLYGON(((-80.3636182844639 25.5737917489705, -80.3633017838001 25.573869170808, -80.3631462156773 25.5733998001499, -80.3630791604519 25.5732014058134, -80.3630563616753 25.5730610779134, -80.3633715212345 25.57297276803, -80.3636182844639 25.5737917489705)))","POLYGON(-116.7773435264826 59.070683397922394,-116.7773435264826 54.401879390883195,-98.1445310264826 54.401879390883195,-98.1445310264826 59.070683397922394,-116.7773435264826 59.070683397922394)","POLYGON(-111.41601607203486 62.00778096797674,-111.41601607203486 56.832947862980745,-96.56250044703484 56.832947862980745,-96.56250044703484 62.00778096797674,-111.41601607203486 62.00778096797674)","POLYGON(-115.1953122764826 63.29952212667882,-115.1953122764826 58.61596321937243,-102.9785154014826 58.61596321937243,-102.9785154014826 63.29952212667882,-115.1953122764826 63.29952212667882)",POINT (25.7581013 -80.3007338),"CIRCLE(-96.44530937075615 57.19977402815463,881113)","CIRCLE(-112.61718705296518 61.41074115982318,304795)","CIRCLE(-121.05468705296518 61.072459315832866,345438)","(-110.97656250174626 49.248683996759524,-98.84765625174623 41.09039230209332,-88.30078125174623 34.28294042199561)","(((-80.3636182844639 25.5737917489705, -80.3633017838001 25.573869170808, -80.3631462156773 25.5733998001499, -80.3630791604519 25.5732014058134, -80.3630563616753 25.5730610779134, -80.3633715212345 25.57297276803, -80.3636182844639 25.5737917489705)))","((-115.1953122764826 63.29952212667882,-115.1953122764826 58.61596321937243,-102.9785154014826 58.61596321937243,-102.9785154014826 63.29952212667882,-115.1953122764826 63.29952212667882))",(-70.1445303559303 67.2776238200672),"(-58.45312410593034 74.31867355928728),(-54.58593660593034 74.04232235983689), (-50.71874910593034 74.18062898005877)"
hola10,"{""def"":""789""}",POINT (25.9443542 -80.2760055),"LINESTRING(-48.39843750698492 79.72905826027964,-25.546875006984926 78.81335328759877,-42.773437506984926 75.29029830846785)","MULTIPOLYGON(((-80.374808460474 25.7123316125243, -80.3719639778137 25.7124391523554, -80.371925085783 25.711756454025, -80.3747481107712 25.7116344137338, -80.374808460474 25.7123316125243)))",POINT (25.718113 -80.4163285),"LINESTRING(-98.84765625043657 45.37787479666273,-101.24267578168659 43.79753242495685,-102.31933593793657 45.68571643702644,-102.95654296918657 41.79861825068443)","MULTIPOLYGON(((-80.2957946062088 25.7603680677244, -80.2939599752426 25.7604236276621, -80.2937816083431 25.760457446742, -80.2937480807304 25.7597689850047, -80.2957825362682 25.7596699428123, -80.2957999706268 25.7601325416125, -80.2957946062088 25.7603680677244)))","POLYGON(-110.97656294703486 62.620299672350235,-110.97656294703486 59.96234385202443,-105.00000044703486 59.96234385202443,-105.00000044703486 62.620299672350235,-110.97656294703486 62.620299672350235)","POLYGON(-112.91015625174623 60.57257644130316,-113.61328125174623 54.70769758118651,-91.90429687674626 57.922627926585974,-100.42968750174626 61.00152531900696,-112.91015625174623 60.57257644130316)","POLYGON(-108.69140625174623 61.12909283309173,-109.30664062674623 54.196725829787574,-94.62890625174623 58.015857744329494,-108.69140625174623 61.12909283309173)",POINT (25.778967 -80.2021017),"CIRCLE(-118.94531205296518 42.89742962209226,1115822)","CIRCLE(-105.58593688532711 63.44396077251674,133416)","CIRCLE(-116.83593537658453 61.072458504962285,239308)","(-48.39843750698492 79.72905826027964,-25.546875006984926 78.81335328759877,-42.773437506984926 75.29029830846785)","(((-80.2957946062088 25.7603680677244, -80.2939599752426 25.7604236276621, -80.2937816083431 25.760457446742, -80.2937480807304 25.7597689850047, -80.2957825362682 25.7596699428123, -80.2957999706268 25.7601325416125, -80.2957946062088 25.7603680677244)))","((-112.91015625174623 60.57257644130316,-113.61328125174623 54.70769758118651,-91.90429687674626 57.922627926585974,-100.42968750174626 61.00152531900696,-112.91015625174623 60.57257644130316))",(-66.6445303559303 70.7776238200672),"(-54.45312410593034 78.31867355928728),(-50.58593660593034 78.04232235983689), (-46.71874910593034 78.18062898005877)"
hola11,"{""def"":""101""}",POINT (25.7795219 -80.2800407),"LINESTRING(-101.17675781293657 44.192707833541924,-100.16601562543657 41.70026024937099,-95.99121093793657 42.02753398651763)","MULTIPOLYGON(((-80.3063759207726 25.8507212191296, -80.304387062788 25.8507212191296, -80.3043830394745 25.8498232788646, -80.306363850832 25.8498075889875, -80.3063759207726 25.8507212191296)))",POINT (25.7187337 -80.2602954),"LINESTRING(-101.94580078168657 46.523595477077656,-103.59375000043657 44.00335206505337,-95.44189453168657 41.00753901413831)","MULTIPOLYGON(((-80.2277389168739 25.8685543000388, -80.2277322113514 25.8683889789662, -80.2276758849621 25.8683129553296, -80.2272319793701 25.8675684037955, -80.2271139621735 25.867336710951, -80.2270603179932 25.8672655135794, -80.2270013093948 25.8671544938635, -80.2269610762596 25.8670989839664, -80.2267143130302 25.8666380094661, -80.2264273166656 25.8661661724478, -80.2262972295284 25.8659320633558, -80.2262341976166 25.8658053546332, -80.226214081049 25.865755877857, -80.2262207865715 25.8655543502863, -80.226219445467 25.8652550751759, -80.2262127399444 25.865162154927, -80.2261416614056 25.8651199184261, -80.2260303497314 25.8650728548787, -80.2260223031044 25.8649147694925, -80.2261470258236 25.8650028629017, -80.226399153471 25.8651850833069, -80.2264112234116 25.8656750255196, -80.2267853915691 25.8664135552627, -80.2275243401527 25.8676842500474, -80.2278730273247 25.8685494731494, -80.2277389168739 25.8685543000388)))","POLYGON(-101.48437500174623 59.74163566778984,-100.16601562674623 63.574640294364045,-86.80664062674623 63.18080344043973,-87.07031250174623 58.79856789335683,-101.48437500174623 59.74163566778984)","POLYGON(-104.03320357203484 56.543333888746915,-104.03320357203484 47.85248767168703,-88.82812544703486 47.85248767168703,-88.82812544703486 56.543333888746915,-104.03320357203484 56.543333888746915)","POLYGON(-83.99413973093034 60.70186466336133,-83.99413973093034 58.20159107254039,-73.44726473093034 58.20159107254039,-73.44726473093034 60.70186466336133,-83.99413973093034 60.70186466336133)",POINT (25.7718883 -80.1981722),"CIRCLE(-96.97265446186066 45.17170959175737,761010)","CIRCLE(-112.96874821186066 65.19532298127584,353359)","CIRCLE(-121.93359296768905 59.593681914665474,234624)","(-101.17675781293657 44.192707833541924,-100.16601562543657 41.70026024937099,-95.99121093793657 42.02753398651763)","(((-80.2277389168739 25.8685543000388, -80.2277322113514 25.8683889789662, -80.2276758849621 25.8683129553296, -80.2272319793701 25.8675684037955, -80.2271139621735 25.867336710951, -80.2270603179932 25.8672655135794, -80.2270013093948 25.8671544938635, -80.2269610762596 25.8670989839664, -80.2267143130302 25.8666380094661, -80.2264273166656 25.8661661724478, -80.2262972295284 25.8659320633558, -80.2262341976166 25.8658053546332, -80.226214081049 25.865755877857, -80.2262207865715 25.8655543502863, -80.226219445467 25.8652550751759, -80.2262127399444 25.865162154927, -80.2261416614056 25.8651199184261, -80.2260303497314 25.8650728548787, -80.2260223031044 25.8649147694925, -80.2261470258236 25.8650028629017, -80.226399153471 25.8651850833069, -80.2264112234116 25.8656750255196, -80.2267853915691 25.8664135552627, -80.2275243401527 25.8676842500474, -80.2278730273247 25.8685494731494, -80.2277389168739 25.8685543000388)))","((-83.99413973093034 60.70186466336133,-83.99413973093034 58.20159107254039,-73.44726473093034 58.20159107254039,-73.44726473093034 60.70186466336133,-83.99413973093034 60.70186466336133))",(-63.1445303559303 74.2776238200672),"(-50.45312410593034 82.31867355928728),(-46.58593660593034 82.04232235983689), (-42.71874910593034 82.18062898005877)"
hola12,"{""def"":""112""}",POINT (25.7338964 -80.2998283),"LINESTRING(-103.41796875043657 43.06353697613112,-99.68261718793657 43.8292432945399,-98.07861328168657 41.00753901413831)","MULTIPOLYGON(((-80.2586902678013 25.7841779495617, -80.2558471262455 25.7842491969196, -80.2558283507824 25.7840342471332, -80.2558162808418 25.7833773195289, -80.2586661279202 25.7833531677094, -80.2586902678013 25.7841779495617)))",POINT (25.5823759 -80.3716917),"LINESTRING(-94.93652343793657 46.900241375013955,-100.67138671918657 47.244435002692754,-104.73632812543657 41.55244075978598)","MULTIPOLYGON(((-80.3292672336102 25.634703614113, -80.3287240862846 25.6347011959121, -80.3283619880676 25.6347060323139, -80.3282989561558 25.6325441411596, -80.3288018703461 25.6324159741239, -80.3291907906532 25.6321947042952, -80.3292672336102 25.634703614113)))","POLYGON(-93.48632812674623 61.08662740584492,-76.52343750174624 60.13785815544137,-77.05078125174623 54.96079684190573,-94.80468750174626 56.44630107709958,-93.48632812674623 61.08662740584492)","POLYGON(-113.26171919703486 57.215642282999774,-113.26171919703486 51.76330651803005,-93.48632857203484 51.76330651803005,-93.48632857203484 57.215642282999774,-113.26171919703486 57.215642282999774)","POLYGON(-85.22460848093034 59.20593826470955,-85.22460848093034 56.30028459669111,-77.40234285593033 56.30028459669111,-77.40234285593033 59.20593826470955,-85.22460848093034 59.20593826470955)",POINT (25.4838864 -80.4535214),"CIRCLE(-127.73437187075615 56.6240043011029,1074362)","CIRCLE(-111.91406339406969 59.59368276313012,385757)","CIRCLE(-112.96875089406969 55.94099738893393,264628)","(-103.41796875043657 43.06353697613112,-99.68261718793657 43.8292432945399,-98.07861328168657 41.00753901413831)","(((-80.3292672336102 25.634703614113, -80.3287240862846 25.6347011959121, -80.3283619880676 25.6347060323139, -80.3282989561558 25.6325441411596, -80.3288018703461 25.6324159741239, -80.3291907906532 25.6321947042952, -80.3292672336102 25.634703614113)))","((-111.41601607203486 62.00778096797674,-111.41601607203486 56.832947862980745,-96.56250044703484 56.832947862980745,-96.56250044703484 62.00778096797674,-111.41601607203486 62.00778096797674))",(-59.6445303559303 77.7776238200672),"(-46.45312410593034 86.31867355928728),(-42.58593660593034 86.04232235983689), (-38.71874910593034 86.18062898005877)"
hola13,"{""def"":""131""}",POINT (25.7547467 -80.441152),"LINESTRING(-103.41796875043657 43.06353697613112,-99.68261718793657 43.8292432945399,-98.07861328168657 41.00753901413831)","MULTIPOLYGON(((-80.1390852034092 25.7615239506389, -80.1381652057171 25.7615722631593, -80.13815715909 25.7612811799258, -80.13815715909 25.7612401141839, -80.1381598412991 25.7612280360219, -80.1381732523441 25.7612050875106, -80.1381960511208 25.7611881780783, -80.1382175087929 25.7611797233613, -80.1382322609424 25.7611773077278, -80.1390020549297 25.7611446966701, -80.1390261948109 25.7611507357555, -80.1390396058559 25.7611579826576, -80.139047652483 25.7611640217424, -80.1390570402145 25.7611712686437, -80.1390637457371 25.7611821389948, -80.1390691101551 25.7611918015283, -80.1390731334686 25.7612050875106, -80.1390731334686 25.761217165675, -80.1390744745731 25.7612401141839, -80.1390852034092 25.7615239506389)))",POINT (25.7766786 -80.2402834),"LINESTRING(-98.84765625043657 45.37787479666273,-101.24267578168659 43.79753242495685,-102.31933593793657 45.68571643702644,-102.95654296918657 41.79861825068443)","MULTIPOLYGON(((-80.3636102378368 25.763649682942, -80.3625923395157 25.7636448517754, -80.3625118732452 25.7627486669655, -80.3628551959991 25.7627510825671, -80.3630496561527 25.7627390045587, -80.3632575273514 25.7627269265491, -80.3635083138943 25.762722095345, -80.3636102378368 25.763649682942)))","POLYGON(-97.17773437674623 60.57257644130316,-88.56445312674623 59.78589442847254,-90.32226562674623 51.98036921937566,-99.72656250174626 52.89123003341602,-97.17773437674623 60.57257644130316)","POLYGON(-111.41601607203486 62.00778096797674,-111.41601607203486 56.832947862980745,-96.56250044703484 56.832947862980745,-96.56250044703484 62.00778096797674,-111.41601607203486 62.00778096797674)","POLYGON(-87.15820223093034 60.355941256592665,-87.15820223093034 57.641480366003734,-79.51171785593034 57.641480366003734,-79.51171785593034 60.355941256592665,-87.15820223093034 60.355941256592665)",POINT (25.8198069 -80.2805064),"CIRCLE(-126.32812455296518 57.57870585254738,404910)","CIRCLE(-104.88281138241294 59.14589083622306,341707)","CIRCLE(-124.92187388241294 50.810560629391084,419535)","(-103.41796875043657 43.06353697613112,-99.68261718793657 43.8292432945399,-98.07861328168657 41.00753901413831)","(((-80.3636102378368 25.763649682942, -80.3625923395157 25.7636448517754, -80.3625118732452 25.7627486669655, -80.3628551959991 25.7627510825671, -80.3630496561527 25.7627390045587, -80.3632575273514 25.7627269265491, -80.3635083138943 25.762722095345, -80.3636102378368 25.763649682942)))","((-115.1953122764826 63.29952212667882,-115.1953122764826 58.61596321937243,-102.9785154014826 58.61596321937243,-102.9785154014826 63.29952212667882,-115.1953122764826 63.29952212667882))",(-56.1445303559303 81.2776238200672),"(-42.45312410593034 90.31867355928728),(-38.58593660593034 90.04232235983689), (-34.71874910593034 90.18062898005877)"
hola14,"{""def"":""415""}",POINT (25.6388472 -80.3299126),"LINESTRING(-102.38525390668657 41.437235802266066,-97.35351562543657 42.64473460377959,-101.52832031293657 44.81951324283539,-103.26416015668657 42.77389934968729,-101.87988281293659 41.68385259904456)","MULTIPOLYGON(((-80.4142463207245 25.5161433561558, -80.4132002592087 25.5161578797365, -80.4132203757763 25.5149403134469, -80.4135583341122 25.5148640638549, -80.414253026247 25.5148773772792, -80.4142463207245 25.5161433561558)))",POINT (25.918011 -80.2607111),"LINESTRING(-101.17675781293657 44.192707833541924,-100.16601562543657 41.70026024937099,-95.99121093793657 42.02753398651763)","MULTIPOLYGON(((-80.2367860078812 25.7652342949867, -80.235591083765 25.7652741515718, -80.2355280518532 25.764485471809, -80.2356246113777 25.7645494842975, -80.2357774972916 25.7645567309922, -80.2367658913136 25.7645132508177, -80.2367860078812 25.7652342949867)))","POLYGON(-100.69335848093036 58.38635745181729,-100.69335848093036 50.6622292292415,-83.81835848093034 50.6622292292415,-83.81835848093034 58.38635745181729,-100.69335848093036 58.38635745181729)","POLYGON(-115.1953122764826 63.29952212667882,-115.1953122764826 58.61596321937243,-102.9785154014826 58.61596321937243,-102.9785154014826 63.29952212667882,-115.1953122764826 63.29952212667882)","POLYGON(-86.36718660593034 59.65294154260263,-86.36718660593034 53.522893403042225,-75.38085848093034 53.522893403042225,-75.38085848093034 59.65294154260263,-86.36718660593034 59.65294154260263)",POINT (25.6634414 -80.3299141),"CIRCLE(-123.3398422971368 56.03931667242465,269773)","CIRCLE(-104.88281272351742 56.23520953378771,437799)","CIRCLE(-97.85156138241291 54.53808131213525,367474)","(-102.38525390668657 41.437235802266066,-97.35351562543657 42.64473460377959,-101.52832031293657 44.81951324283539,-103.26416015668657 42.77389934968729,-101.87988281293659 41.68385259904456)","(((-80.2367860078812 25.7652342949867, -80.235591083765 25.7652741515718, -80.2355280518532 25.764485471809, -80.2356246113777 25.7645494842975, -80.2357774972916 25.7645567309922, -80.2367658913136 25.7645132508177, -80.2367860078812 25.7652342949867)))","((-85.22460848093034 59.20593826470955,-85.22460848093034 56.30028459669111,-77.40234285593033 56.30028459669111,-77.40234285593033 59.20593826470955,-85.22460848093034 59.20593826470955))",(-52.6445303559303 84.7776238200672),"(-38.45312410593034 94.31867355928728),(-34.58593660593034 94.04232235983689), (-30.718749105930343 94.18062898005877)"
hola15,"{""def"":""123""}",POINT (25.9443542 -81.2760055),"LINESTRING(-98.84765625043657 45.37787479666273,-101.24267578168659 43.79753242495685,-102.31933593793657 45.68571643702644,-102.95654296918657 41.79861825068443)","MULTIPOLYGON(((-80.3620022535324 25.5558841850265, -80.361921787262 25.5558926543086, -80.361848026514 25.5559011235901, -80.3617957234383 25.5559023334874, -80.3617340326309 25.5559059631792, -80.361660271883 25.5559071730765, -80.3615784645081 25.5559071730765, -80.3614912927151 25.555909592871, -80.3613974153996 25.5559108027682, -80.3612995147705 25.5559120126654, -80.3611962497234 25.5559132225626, -80.3610916435719 25.5559144324598, -80.3609856963158 25.5559168522541, -80.3608810901642 25.5559180621512, -80.3607778251171 25.5559192720484, -80.360677242279 25.5559216918426, -80.3605833649635 25.5559265314309, -80.3604988753796 25.5559374205039, -80.3604237735271 25.5559591986469, -80.3603580594063 25.555983396579, -80.360307097435 25.5560051747136, -80.3602065145969 25.556066879407, -80.3600469231606 25.5558019119696, -80.3600496053696 25.5551231570939, -80.3601662814617 25.5551074283257, -80.36022529006 25.5551098481364, -80.360299050808 25.5551098481364, -80.3603808581829 25.5551110580416, -80.360568612814 25.5551146877575, -80.3606732189655 25.5551158976627, -80.3607831895351 25.5551171075679, -80.3608945012093 25.5551183174732, -80.3610084950924 25.5551195273784, -80.3611224889755 25.5551207372836, -80.3612378239632 25.5551183174732, -80.3613531589508 25.5551183174732, -80.3615784645081 25.5551183174732, -80.3616790473461 25.5551183174732, -80.3617675602436 25.5551183174732, -80.3618413209915 25.5551171075679, -80.3619110584259 25.5551171075679, -80.3619740903378 25.5551158976627, -80.3619754314423 25.5551304165247, -80.3619794547558 25.5553179516673, -80.3619821369648 25.5554099042751, -80.3619848191738 25.5554982271083, -80.3619915246964 25.5555841300754, -80.3619955480099 25.5556700329809, -80.3620009124279 25.5557510962297, -80.3620022535324 25.5558321594235, -80.3620022535324 25.5558841850265)))",POINT (25.6388472 -80.3299126),"LINESTRING(-101.17675781293657 44.192707833541924,-100.16601562543657 41.70026024937099,-95.99121093793657 42.02753398651763)","MULTIPOLYGON(((-80.2692112326622 25.7358660179951, -80.2683582901955 25.7363613273683, -80.2683435380459 25.7359976980055, -80.2683261036873 25.7353211753005, -80.268283188343 25.7345214238508, -80.2690999209881 25.734502094444, -80.269179046154 25.7348874738981, -80.2692112326622 25.7358660179951)))","POLYGON(-106.66992232203486 61.42475779376106,-106.66992232203486 55.16213541138037,-91.55273482203484 55.16213541138037,-91.55273482203484 61.42475779376106,-106.66992232203486 61.42475779376106)","POLYGON(-108.69140625174623 61.12909283309173,-109.30664062674623 54.196725829787574,-94.62890625174623 58.015857744329494,-108.69140625174623 61.12909283309173)","POLYGON(-85.22460848093034 59.20593826470955,-85.22460848093034 56.30028459669111,-77.40234285593033 56.30028459669111,-77.40234285593033 59.20593826470955,-85.22460848093034 59.20593826470955)",POINT (25.5390313 -80.5334817),"CIRCLE(-110.50781004130842 52.76732201809605,557231)","CIRCLE(-110.50781004130842 52.76732201809605,657231)","CIRCLE(-94.33593671768905 60.384909509540414,208465)","(-98.84765625043657 45.37787479666273,-101.24267578168659 43.79753242495685,-102.31933593793657 45.68571643702644,-102.95654296918657 41.79861825068443)","(((-110.97656294703486 62.620299672350235,-110.97656294703486 59.96234385202443,-105.00000044703486 59.96234385202443,-105.00000044703486 62.620299672350235,-110.97656294703486 62.620299672350235)))","((-106.66992232203486 61.42475779376106,-106.66992232203486 55.16213541138037,-91.55273482203484 55.16213541138037,-91.55273482203484 61.42475779376106,-106.66992232203486 61.42475779376106))",(-49.1445303559303 88.2776238200672),"(-34.45312410593034 98.31867355928728),(-30.585936605930343 98.04232235983689), (-26.718749105930343 98.18062898005877)"
